[{"City":"Arhus", "AverageTemperature":0.09576262626262633},
 {"City":"Aberdeen", "AverageTemperature":4.847676767676764},
 {"City":"Aalborg", "AverageTemperature":0.09576262626262624},
 {"City":"Aachen", "AverageTemperature":1.0740896464646463},
 {"City":"A Coru\u00f1a", "AverageTemperature":8.675204545454548},
 {"City":"\u00c7orum", "AverageTemperature":0.29544030808729127},
 {"City":"\u00c7orlu", "AverageTemperature":4.900306818181822},
 {"City":"Achalpur", "AverageTemperature":20.24546337579618},
 {"City":"Abohar", "AverageTemperature":13.841996116504854},
 {"City":"Acu\u00f1a", "AverageTemperature":9.74776106194689},
 {"City":"Achinsk", "AverageTemperature":-18.169020725388595},
 {"City":"Acheng", "AverageTemperature":-19.039602763385137},
 {"City":"Acarigua", "AverageTemperature":26.747197318007668},
 {"City":"Acapulco", "AverageTemperature":25.147581818181795},
 {"City":"Abilene", "AverageTemperature":6.342686206896548},
 {"City":"Abiko", "AverageTemperature":2.2128095238095224},
 {"City":"Abbotsford", "AverageTemperature":0.35253479853479824},
 {"City":"Abakan", "AverageTemperature":-18.90506044905008},
 {"City":"Abadan", "AverageTemperature":13.977566473988446},
 {"City":"\u00dcr\u00fcmqi", "AverageTemperature":-13.56012953367876},
 {"City":"\u00d6skemen", "AverageTemperature":-15.542412780656303},
 {"City":"Abu Dhabi", "AverageTemperature":19.17565546218487},
 {"City":"Abha", "AverageTemperature":19.742106986899543},
 {"City":"Abengourou", "AverageTemperature":27.037332608695614},
 {"City":"Accra", "AverageTemperature":26.965031531531547},
 {"City":"Abuja", "AverageTemperature":26.099581018518492},
 {"City":"Abomey Calavi", "AverageTemperature":28.167700680272073},
 {"City":"Abidjan", "AverageTemperature":26.96055280898876},
 {"City":"Abeokuta", "AverageTemperature":27.236083333333372},
 {"City":"Abakaliki", "AverageTemperature":26.808514942528774},
 {"City":"Aba", "AverageTemperature":26.808514942528774},
 {"City":"Akron", "AverageTemperature":-2.2011297709923667},
 {"City":"Aix En Provence", "AverageTemperature":3.3552765151515134},
 {"City":"Afyonkarahisar", "AverageTemperature":1.138331193838255},
 {"City":"Aksaray", "AverageTemperature":1.3932920227920222},
 {"City":"Akola", "AverageTemperature":21.91162898089173},
 {"City":"Ajmer", "AverageTemperature":16.795316139767056},
 {"City":"Ajdabiya", "AverageTemperature":12.13655206847361},
 {"City":"Aizawl", "AverageTemperature":17.19437420382167},
 {"City":"Ahmadnagar", "AverageTemperature":21.105966560509597},
 {"City":"Ahmadabad", "AverageTemperature":20.51232078559737},
 {"City":"Agra", "AverageTemperature":15.843609195402305},
 {"City":"Agartala", "AverageTemperature":19.11648895899054},
 {"City":"Adoni", "AverageTemperature":24.347996815286606},
 {"City":"Adilabad", "AverageTemperature":22.39814649681526},
 {"City":"Adana", "AverageTemperature":11.113402402402405},
 {"City":"Agadir", "AverageTemperature":12.332785266457684},
 {"City":"Ahmadpur East", "AverageTemperature":14.510155339805815},
 {"City":"Aksu", "AverageTemperature":-6.768388788426759},
 {"City":"Akita", "AverageTemperature":1.292546332046332},
 {"City":"Akishima", "AverageTemperature":2.2128095238095224},
 {"City":"Akashi", "AverageTemperature":4.641185328185326},
 {"City":"Ahvaz", "AverageTemperature":12.498867289719614},
 {"City":"Aguascalientes", "AverageTemperature":13.864080524344558},
 {"City":"Ageo", "AverageTemperature":2.2128095238095224},
 {"City":"Agboville", "AverageTemperature":26.78078064516127},
 {"City":"Adelaide", "AverageTemperature":21.342023255813938},
 {"City":"Addis Abeba", "AverageTemperature":17.33802392344498},
 {"City":"Adiwerna", "AverageTemperature":25.940290254237283},
 {"City":"Aden", "AverageTemperature":22.04649152542374},
 {"City":"Almere", "AverageTemperature":2.008790404040405},
 {"City":"Almer\u00eda", "AverageTemperature":13.284278772378512},
 {"City":"Allentown", "AverageTemperature":-2.2590330788804085},
 {"City":"Algiers", "AverageTemperature":8.161329923273655},
 {"City":"Algeciras", "AverageTemperature":12.16726086956522},
 {"City":"Alexandria", "AverageTemperature":7.029068870523421},
 {"City":"Alcorc\u00f3n", "AverageTemperature":3.8199545454545474},
 {"City":"Alcobendas", "AverageTemperature":3.8199545454545474},
 {"City":"Alcal\u00e1 De Henares", "AverageTemperature":3.8199545454545474},
 {"City":"Albacete", "AverageTemperature":4.8527588383838385},
 {"City":"Allahabad", "AverageTemperature":17.125439297124604},
 {"City":"Aligarh", "AverageTemperature":15.58779966611017},
 {"City":"Alappuzha", "AverageTemperature":26.17454662379422},
 {"City":"Alanya", "AverageTemperature":12.022245714285722},
 {"City":"Alandur", "AverageTemperature":24.784240445859886},
 {"City":"Akyab", "AverageTemperature":22.487159305993693},
 {"City":"Aleppo", "AverageTemperature":6.406681744749593},
 {"City":"Aktau", "AverageTemperature":-3.3057562499999995},
 {"City":"Almaty", "AverageTemperature":-7.750219378427791},
 {"City":"Albury", "AverageTemperature":20.367575581395368},
 {"City":"Albuquerque", "AverageTemperature":0.6218421052631585},
 {"City":"Alberton", "AverageTemperature":19.31721961620469},
 {"City":"Alagoinhas", "AverageTemperature":26.307639312977084},
 {"City":"Akure", "AverageTemperature":26.50186574074074},
 {"City":"Amsterdam", "AverageTemperature":2.008790404040405},
 {"City":"Amiens", "AverageTemperature":3.2848585858585873},
 {"City":"Amersfoort", "AverageTemperature":2.008790404040405},
 {"City":"Amadora", "AverageTemperature":9.39835294117648},
 {"City":"Almetyevsk", "AverageTemperature":-12.599058673469374},
 {"City":"Anantapur", "AverageTemperature":24.347996815286606},
 {"City":"Anand", "AverageTemperature":20.51232078559737},
 {"City":"Amroha", "AverageTemperature":15.794803005008335},
 {"City":"Amravati", "AverageTemperature":20.24546337579618},
 {"City":"Ambur", "AverageTemperature":24.637152866242044},
 {"City":"Ambattur", "AverageTemperature":24.784240445859886},
 {"City":"Ambarnath", "AverageTemperature":24.599192675159248},
 {"City":"Ambala", "AverageTemperature":13.908904040404048},
 {"City":"Alwar", "AverageTemperature":15.58779966611017},
 {"City":"Amritsar", "AverageTemperature":13.389005836575887},
 {"City":"Anbu", "AverageTemperature":13.922913127413127},
 {"City":"Ananindeua", "AverageTemperature":26.313101190476175},
 {"City":"Anaheim", "AverageTemperature":13.34416599190284},
 {"City":"Anaco", "AverageTemperature":25.45940996168582},
 {"City":"An\u00e1polis", "AverageTemperature":22.857311068702302},
 {"City":"Amol", "AverageTemperature":2.7307358156028374},
 {"City":"Americana", "AverageTemperature":23.16088167938933},
 {"City":"Amarillo", "AverageTemperature":4.254020689655172},
 {"City":"Amagasaki", "AverageTemperature":4.877069033530566},
 {"City":"Altay", "AverageTemperature":-19.78161830742659},
 {"City":"Alor Setar", "AverageTemperature":26.734013645224184},
 {"City":"Amaigbo", "AverageTemperature":26.808514942528774},
 {"City":"Ambon", "AverageTemperature":27.331340000000015},
 {"City":"Ambato", "AverageTemperature":17.025987834549873},
 {"City":"Apeldoorn", "AverageTemperature":2.008790404040405},
 {"City":"Antwerp", "AverageTemperature":2.6195896464646444},
 {"City":"Ann Arbor", "AverageTemperature":-4.031568354430379},
 {"City":"Angers", "AverageTemperature":4.336806818181821},
 {"City":"Ancona", "AverageTemperature":6.405132575757582},
 {"City":"Ankara", "AverageTemperature":-0.06949118046132963},
 {"City":"Antalya", "AverageTemperature":2.604130737134908},
 {"City":"Antakya", "AverageTemperature":11.113402402402405},
 {"City":"Apodaca", "AverageTemperature":14.15056887298748},
 {"City":"Anyang", "AverageTemperature":-3.54856660412758},
 {"City":"Anyama", "AverageTemperature":26.78078064516127},
 {"City":"Antsirabe", "AverageTemperature":22.49622425629292},
 {"City":"Antofagasta", "AverageTemperature":18.12275105485233},
 {"City":"Antipolo", "AverageTemperature":25.022116600790532},
 {"City":"Antioch", "AverageTemperature":9.060429149797574},
 {"City":"Antananarivo", "AverageTemperature":21.430709382151036},
 {"City":"Anshun", "AverageTemperature":5.259447216890589},
 {"City":"Anshan", "AverageTemperature":-9.540171220400715},
 {"City":"Anqiu", "AverageTemperature":-1.4104633204633206},
 {"City":"Anqing", "AverageTemperature":3.6807799227799194},
 {"City":"Ankang", "AverageTemperature":1.5929471698113227},
 {"City":"Anjo", "AverageTemperature":4.877069033530566},
 {"City":"Angren", "AverageTemperature":-2.4884844036697253},
 {"City":"Angra Dos Reis", "AverageTemperature":23.32320610687022},
 {"City":"Angeles", "AverageTemperature":25.022116600790532},
 {"City":"Angarsk", "AverageTemperature":-18.38884974093266},
 {"City":"Andijon", "AverageTemperature":-3.23565871559633},
 {"City":"Anda", "AverageTemperature":-16.814440414507757},
 {"City":"Anchorage", "AverageTemperature":-14.503531481481478},
 {"City":"Arzamas", "AverageTemperature":-10.418414141414143},
 {"City":"Aryanah", "AverageTemperature":10.661787341772163},
 {"City":"Arnhem", "AverageTemperature":2.008790404040405},
 {"City":"Armavir", "AverageTemperature":-2.2059387755102047},
 {"City":"Arlington", "AverageTemperature":3.60095683979517},
 {"City":"Arkhangelsk", "AverageTemperature":-11.024647727272733},
 {"City":"Arad", "AverageTemperature":-1.2088434343434364},
 {"City":"Ara", "AverageTemperature":16.932808306709266},
 {"City":"Aqt\u00f6be", "AverageTemperature":-13.904920684292376},
 {"City":"Asahikawa", "AverageTemperature":-7.408374045801532},
 {"City":"Arvada", "AverageTemperature":-7.499794827586207},
 {"City":"Armenia", "AverageTemperature":21.73530040322583},
 {"City":"Arica", "AverageTemperature":20.786078059071713},
 {"City":"Arequipa", "AverageTemperature":20.818541850220264},
 {"City":"Ardabil", "AverageTemperature":2.207150084317032},
 {"City":"Arauc\u00e1ria", "AverageTemperature":20.737141221374046},
 {"City":"Araruama", "AverageTemperature":25.43074999999999},
 {"City":"Araras", "AverageTemperature":23.96431870229005},
 {"City":"Araraquara", "AverageTemperature":23.96431870229005},
 {"City":"Arapiraca", "AverageTemperature":26.369339694656507},
 {"City":"Arak", "AverageTemperature":2.1623563636363667},
 {"City":"Aragua\u00edna", "AverageTemperature":25.34442329020336},
 {"City":"Aracaju", "AverageTemperature":26.369339694656507},
 {"City":"Ara\u00e7atuba", "AverageTemperature":25.65522900763359},
 {"City":"Apucarana", "AverageTemperature":24.526652671755706},
 {"City":"Apopa", "AverageTemperature":24.324503802281345},
 {"City":"Arusha", "AverageTemperature":22.498570351758783},
 {"City":"Arjawinangun", "AverageTemperature":24.53389830508474},
 {"City":"Aurora", "AverageTemperature":-2.7442326768781946},
 {"City":"Augsburg", "AverageTemperature":-4.167126262626259},
 {"City":"Atlanta", "AverageTemperature":5.201178117048344},
 {"City":"Athens", "AverageTemperature":10.521324808184147},
 {"City":"Avadi", "AverageTemperature":24.784240445859886},
 {"City":"Aurangabad", "AverageTemperature":20.759742038216558},
 {"City":"Asfi", "AverageTemperature":12.749387573964489},
 {"City":"Asansol", "AverageTemperature":18.74058359621453},
 {"City":"Atyrau", "AverageTemperature":-8.593273716951778},
 {"City":"Astrakhan", "AverageTemperature":-4.253616099071205},
 {"City":"Ashqelon", "AverageTemperature":13.596381342062191},
 {"City":"Ashdod", "AverageTemperature":13.596381342062191},
 {"City":"Astana", "AverageTemperature":-15.267497504159733},
 {"City":"Austin", "AverageTemperature":11.027544194107465},
 {"City":"Auckland", "AverageTemperature":18.255717842323648},
 {"City":"Atsugi", "AverageTemperature":2.2128095238095224},
 {"City":"Atibaia", "AverageTemperature":22.44258587786259},
 {"City":"Asyut", "AverageTemperature":13.491237676056345},
 {"City":"Aswan", "AverageTemperature":17.040231884057977},
 {"City":"Asunci\u00f3n", "AverageTemperature":26.998440839694666},
 {"City":"Ashikaga", "AverageTemperature":2.2128095238095224},
 {"City":"Asgabat", "AverageTemperature":2.0895539305301645},
 {"City":"Asaka", "AverageTemperature":2.2128095238095224},
 {"City":"Awassa", "AverageTemperature":18.506397129186592},
 {"City":"Asmara", "AverageTemperature":21.44154436450839},
 {"City":"Ayacucho", "AverageTemperature":11.192914004914009},
 {"City":"Awka", "AverageTemperature":26.954570114942534},
 {"City":"Astanajapura", "AverageTemperature":24.53389830508474},
 {"City":"Baia Mare", "AverageTemperature":-2.026917929292931},
 {"City":"Badalona", "AverageTemperature":10.378388888888887},
 {"City":"Badajoz", "AverageTemperature":8.231808917197446},
 {"City":"Bacau", "AverageTemperature":-3.2264810606060585},
 {"City":"Baidyabati", "AverageTemperature":19.733293375394314},
 {"City":"Bahraich", "AverageTemperature":15.04351077943616},
 {"City":"Baharampur", "AverageTemperature":19.733293375394314},
 {"City":"Bahadurgarh", "AverageTemperature":15.58779966611017},
 {"City":"Bago", "AverageTemperature":24.69206677265499},
 {"City":"Bagaha", "AverageTemperature":16.596241214057493},
 {"City":"Badlapur", "AverageTemperature":24.599192675159248},
 {"City":"Azamgarh", "AverageTemperature":16.474864217252396},
 {"City":"Bahawalpur", "AverageTemperature":14.510155339805815},
 {"City":"Bahawalnagar", "AverageTemperature":13.841996116504854},
 {"City":"Baicheng", "AverageTemperature":-15.209987910189977},
 {"City":"Bahia Blanca", "AverageTemperature":21.652938818565406},
 {"City":"Baguio", "AverageTemperature":23.532148221343892},
 {"City":"Baglan", "AverageTemperature":-1.487368224299065},
 {"City":"Baghdad", "AverageTemperature":10.670325301204812},
 {"City":"Badaojiang", "AverageTemperature":-15.944612318840585},
 {"City":"Bacoor", "AverageTemperature":25.022116600790532},
 {"City":"Bacolod", "AverageTemperature":26.227942917547576},
 {"City":"Bac Lieu", "AverageTemperature":25.13786266924566},
 {"City":"Babol", "AverageTemperature":2.7307358156028374},
 {"City":"Bahir Dar", "AverageTemperature":17.612274698795193},
 {"City":"Ayer Itam", "AverageTemperature":26.734013645224184},
 {"City":"Bafoussam", "AverageTemperature":23.241783908045967},
 {"City":"Babakan", "AverageTemperature":24.53389830508474},
 {"City":"B\u00e9nin", "AverageTemperature":26.50186574074074},
 {"City":"Azare", "AverageTemperature":22.816379629629637},
 {"City":"Baltimore", "AverageTemperature":0.5930648854961831},
 {"City":"Balti", "AverageTemperature":-3.3600505050505065},
 {"City":"Balashikha", "AverageTemperature":-8.89666792929292},
 {"City":"Balakovo", "AverageTemperature":-11.407522959183678},
 {"City":"Bangaon", "AverageTemperature":19.733293375394314},
 {"City":"Bangalore", "AverageTemperature":23.22344585987262},
 {"City":"Banda Aceh", "AverageTemperature":25.563033439490457},
 {"City":"Banda", "AverageTemperature":16.896821086261983},
 {"City":"Balurghat", "AverageTemperature":18.436014240506353},
 {"City":"Bally", "AverageTemperature":19.733293375394314},
 {"City":"Ballia", "AverageTemperature":16.596241214057493},
 {"City":"Baleshwar", "AverageTemperature":20.865722397476354},
 {"City":"Baku", "AverageTemperature":0.7012022838499179},
 {"City":"Bangkok", "AverageTemperature":25.259807553956836},
 {"City":"Baneh", "AverageTemperature":0.7184772344013491},
 {"City":"Bandar E Anzali", "AverageTemperature":2.207150084317032},
 {"City":"Baliuag", "AverageTemperature":25.022116600790532},
 {"City":"Bakersfield", "AverageTemperature":7.450921052631579},
 {"City":"Baiyin", "AverageTemperature":-7.317117021276606},
 {"City":"Bandar Penggaram", "AverageTemperature":25.649844054580903},
 {"City":"Bandar Maharani", "AverageTemperature":26.199249512670534},
 {"City":"Bamako", "AverageTemperature":25.100741452991457},
 {"City":"Bangui", "AverageTemperature":24.89673563218389},
 {"City":"Bandung", "AverageTemperature":24.53389830508474},
 {"City":"Bandundu", "AverageTemperature":25.439788505747096},
 {"City":"Bamenda", "AverageTemperature":23.241783908045967},
 {"City":"Bama", "AverageTemperature":23.88338927738928},
 {"City":"Balikpapan", "AverageTemperature":26.38174576271186},
 {"City":"Bari", "AverageTemperature":8.089601010101012},
 {"City":"Barcelona", "AverageTemperature":16.090092085235916},
 {"City":"Banja Luka", "AverageTemperature":-0.63367803030303},
 {"City":"Barisal", "AverageTemperature":19.52567981072555},
 {"City":"Baripada", "AverageTemperature":20.865722397476354},
 {"City":"Bareli", "AverageTemperature":15.794803005008335},
 {"City":"Barddhaman", "AverageTemperature":19.733293375394314},
 {"City":"Barasat", "AverageTemperature":19.733293375394314},
 {"City":"Baranagar", "AverageTemperature":19.733293375394314},
 {"City":"Barakpur", "AverageTemperature":19.733293375394314},
 {"City":"Bansbaria", "AverageTemperature":19.733293375394314},
 {"City":"Bankura", "AverageTemperature":18.74058359621453},
 {"City":"Barnala", "AverageTemperature":14.015733716475106},
 {"City":"Barreiras", "AverageTemperature":24.804862595419856},
 {"City":"Barranquilla", "AverageTemperature":26.3531096153846},
 {"City":"Barrancabermeja", "AverageTemperature":25.11232115384615},
 {"City":"Barra Mansa", "AverageTemperature":21.95418511450383},
 {"City":"Barquisimeto", "AverageTemperature":24.19170498084294},
 {"City":"Barnaul", "AverageTemperature":-17.18051295336787},
 {"City":"Barinas", "AverageTemperature":23.468617307692323},
 {"City":"Barbacena", "AverageTemperature":21.95418511450383},
 {"City":"Baoshan", "AverageTemperature":-18.35079891304347},
 {"City":"Baoji", "AverageTemperature":-1.469705340699815},
 {"City":"Baoding", "AverageTemperature":-7.830559585492227},
 {"City":"Bantou", "AverageTemperature":12.156476833976846},
 {"City":"Banyuwangi", "AverageTemperature":26.772771186440668},
 {"City":"Banjarmasin", "AverageTemperature":26.18469067796608},
 {"City":"Banjaran", "AverageTemperature":24.53389830508474},
 {"City":"Bataysk", "AverageTemperature":-4.274188607594934},
 {"City":"Basildon", "AverageTemperature":3.500279040404041},
 {"City":"Basel", "AverageTemperature":-1.5272297979797975},
 {"City":"Barrie", "AverageTemperature":-6.9689139240506295},
 {"City":"Baton Rouge", "AverageTemperature":12.592991922455594},
 {"City":"Beirut", "AverageTemperature":12.782652037617556},
 {"City":"Begusarai", "AverageTemperature":18.038102848101286},
 {"City":"Beawar", "AverageTemperature":17.799405676126888},
 {"City":"Bayrut", "AverageTemperature":12.782652037617556},
 {"City":"Basti", "AverageTemperature":16.474864217252396},
 {"City":"Basirhat", "AverageTemperature":19.733293375394314},
 {"City":"Barsi", "AverageTemperature":22.377291401273897},
 {"City":"Batman", "AverageTemperature":3.026389337641356},
 {"City":"Bat Yam", "AverageTemperature":13.596381342062191},
 {"City":"Batala", "AverageTemperature":13.389005836575887},
 {"City":"Beira", "AverageTemperature":26.81978088578088},
 {"City":"Beipiao", "AverageTemperature":-7.134193436960278},
 {"City":"Beihai", "AverageTemperature":14.904915547024954},
 {"City":"Beibei", "AverageTemperature":7.1642380038387685},
 {"City":"Beian", "AverageTemperature":-20.133566493955097},
 {"City":"Beaumont", "AverageTemperature":12.080593803786561},
 {"City":"Bayamo", "AverageTemperature":23.948503496503495},
 {"City":"Bauru", "AverageTemperature":24.65117366412214},
 {"City":"Batangas", "AverageTemperature":24.84174948240166},
 {"City":"Baruta", "AverageTemperature":23.73538505747125},
 {"City":"Barueri", "AverageTemperature":22.44258587786259},
 {"City":"Barretos", "AverageTemperature":23.127458015267184},
 {"City":"Bauchi", "AverageTemperature":24.29308796296296},
 {"City":"Baturaja", "AverageTemperature":24.824275423728803},
 {"City":"Bata", "AverageTemperature":25.661374712643664},
 {"City":"Bergisch Gladbach", "AverageTemperature":1.0740896464646463},
 {"City":"Bergen", "AverageTemperature":-5.759848484848488},
 {"City":"Bergamo", "AverageTemperature":-0.4432815656565659},
 {"City":"Berezniki", "AverageTemperature":-13.945081632653055},
 {"City":"Benghazi", "AverageTemperature":13.355491677336744},
 {"City":"Belgrade", "AverageTemperature":-0.22120833333333345},
 {"City":"Belgorod", "AverageTemperature":-7.249077020202024},
 {"City":"Belfast", "AverageTemperature":5.306736111111113},
 {"City":"Bellary", "AverageTemperature":24.347996815286606},
 {"City":"Belgaum", "AverageTemperature":24.469621019108278},
 {"City":"Beni Suef", "AverageTemperature":13.711242225859243},
 {"City":"Benha", "AverageTemperature":13.711242225859243},
 {"City":"Bene Beraq", "AverageTemperature":10.795936585365855},
 {"City":"Beppu", "AverageTemperature":4.310646718146721},
 {"City":"Benxi", "AverageTemperature":-9.540171220400715},
 {"City":"Benoni", "AverageTemperature":19.31721961620469},
 {"City":"Bengbu", "AverageTemperature":2.7182335907335915},
 {"City":"Belo Horizonte", "AverageTemperature":22.783868320610686},
 {"City":"Bello", "AverageTemperature":18.754601980198025},
 {"City":"Bellevue", "AverageTemperature":0.9986758241758237},
 {"City":"Belford Roxo", "AverageTemperature":25.43074999999999},
 {"City":"Bel\u00e9m", "AverageTemperature":26.313101190476175},
 {"City":"Berbera", "AverageTemperature":22.993891041162204},
 {"City":"Belawan", "AverageTemperature":25.69467056530216},
 {"City":"Benguela", "AverageTemperature":24.713510392609702},
 {"City":"Bengkulu", "AverageTemperature":25.746074152542388},
 {"City":"Bekasi", "AverageTemperature":26.243156779661025},
 {"City":"Bialystok", "AverageTemperature":-4.388516414141413},
 {"City":"Besan\u00e7on", "AverageTemperature":0.7842285353535361},
 {"City":"Bern", "AverageTemperature":-1.5272297979797975},
 {"City":"Berlin", "AverageTemperature":0.05597474747474739},
 {"City":"Bhusawal", "AverageTemperature":20.44289490445862},
 {"City":"Bhuj", "AverageTemperature":20.00288532883643},
 {"City":"Bhubaneswar", "AverageTemperature":22.105383280757096},
 {"City":"Bhopal", "AverageTemperature":18.908753184713373},
 {"City":"Bhiwani", "AverageTemperature":15.442697829716186},
 {"City":"Bhiwandi", "AverageTemperature":20.572877388535026},
 {"City":"Bhind", "AverageTemperature":15.843609195402305},
 {"City":"Bhimavaram", "AverageTemperature":23.98541242038214},
 {"City":"Bhilwara", "AverageTemperature":17.535299342105258},
 {"City":"Bhilai", "AverageTemperature":20.29114331210191},
 {"City":"Bhavnagar", "AverageTemperature":21.60460610932475},
 {"City":"Bhatpara", "AverageTemperature":19.733293375394314},
 {"City":"Bharuch", "AverageTemperature":21.055835987261137},
 {"City":"Bharatpur", "AverageTemperature":11.593483525535413},
 {"City":"Bhairab Bazar", "AverageTemperature":18.621939873417723},
 {"City":"Bhagalpur", "AverageTemperature":18.038102848101286},
 {"City":"Bhadreswar", "AverageTemperature":19.733293375394314},
 {"City":"Bhadravati", "AverageTemperature":24.71871974522295},
 {"City":"Bettiah", "AverageTemperature":16.596241214057493},
 {"City":"Bi\u00ean H\u00f2a", "AverageTemperature":25.729883945841394},
 {"City":"Betim", "AverageTemperature":22.783868320610686},
 {"City":"Bethal", "AverageTemperature":19.31721961620469},
 {"City":"Berkeley", "AverageTemperature":9.060429149797574},
 {"City":"Bertoua", "AverageTemperature":23.323282758620675},
 {"City":"Blackburn", "AverageTemperature":2.929638888888887},
 {"City":"Birmingham", "AverageTemperature":5.678519011406848},
 {"City":"Bilbao", "AverageTemperature":4.608816919191919},
 {"City":"Bila Tserkva", "AverageTemperature":-4.596953282828278},
 {"City":"Bielsko Biala", "AverageTemperature":-2.3905883838383817},
 {"City":"Bielefeld", "AverageTemperature":1.2973611111111107},
 {"City":"Birganj", "AverageTemperature":16.596241214057493},
 {"City":"Biratnagar", "AverageTemperature":15.222825878594243},
 {"City":"Bilaspur", "AverageTemperature":20.29114331210191},
 {"City":"Bikaner", "AverageTemperature":15.861530884808033},
 {"City":"Bijapur", "AverageTemperature":23.306574840764323},
 {"City":"Bihar", "AverageTemperature":16.932808306709266},
 {"City":"Bidar", "AverageTemperature":22.776834394904473},
 {"City":"Bid", "AverageTemperature":22.377291401273897},
 {"City":"Biysk", "AverageTemperature":-15.631207253886014},
 {"City":"Bisho", "AverageTemperature":20.00815351812368},
 {"City":"Birjand", "AverageTemperature":5.830745596868884},
 {"City":"Birigui", "AverageTemperature":25.65522900763359},
 {"City":"Binzhou", "AverageTemperature":-1.996639312977098},
 {"City":"Binangonan", "AverageTemperature":24.84174948240166},
 {"City":"Bissau", "AverageTemperature":25.65064529914531},
 {"City":"Binjai", "AverageTemperature":25.69467056530216},
 {"City":"Birnin Kebbi", "AverageTemperature":25.156194444444427},
 {"City":"Bintulu", "AverageTemperature":25.81810288065843},
 {"City":"Bida", "AverageTemperature":27.386777777777784},
 {"City":"Bitung", "AverageTemperature":25.830677339901495},
 {"City":"Blackpool", "AverageTemperature":5.713705026455022}]