[{"City":"Arhus", "AverageTemperature":20.883},
 {"City":"Aberdeen", "AverageTemperature":16.328},
 {"City":"Aalborg", "AverageTemperature":20.883},
 {"City":"Aachen", "AverageTemperature":22.812},
 {"City":"A Coru\u00f1a", "AverageTemperature":22.052},
 {"City":"\u00c7orum", "AverageTemperature":24.746},
 {"City":"\u00c7orlu", "AverageTemperature":26.891},
 {"City":"Achalpur", "AverageTemperature":35.697},
 {"City":"Abohar", "AverageTemperature":36.768},
 {"City":"Acu\u00f1a", "AverageTemperature":31.899},
 {"City":"Achinsk", "AverageTemperature":21.599},
 {"City":"Acheng", "AverageTemperature":24.833},
 {"City":"Acarigua", "AverageTemperature":30.417},
 {"City":"Abilene", "AverageTemperature":32.11},
 {"City":"Abakan", "AverageTemperature":21.503},
 {"City":"\u00dcr\u00fcmqi", "AverageTemperature":26.092},
 {"City":"\u00d6skemen", "AverageTemperature":22.229},
 {"City":"Abbotsford", "AverageTemperature":18.55},
 {"City":"Accra", "AverageTemperature":29.442},
 {"City":"Acapulco", "AverageTemperature":28.958},
 {"City":"Abu Dhabi", "AverageTemperature":36.371},
 {"City":"Abomey Calavi", "AverageTemperature":31.067},
 {"City":"Abiko", "AverageTemperature":27.295},
 {"City":"Abidjan", "AverageTemperature":29.923},
 {"City":"Abengourou", "AverageTemperature":30.743},
 {"City":"Abadan", "AverageTemperature":38.531},
 {"City":"Abuja", "AverageTemperature":31.288},
 {"City":"Abeokuta", "AverageTemperature":30.313},
 {"City":"Abakaliki", "AverageTemperature":30.036},
 {"City":"Aba", "AverageTemperature":30.036},
 {"City":"Abha", "AverageTemperature":31.088},
 {"City":"Akron", "AverageTemperature":28.597},
 {"City":"Aix En Provence", "AverageTemperature":25.549},
 {"City":"Afyonkarahisar", "AverageTemperature":26.221},
 {"City":"Aksaray", "AverageTemperature":25.641},
 {"City":"Ajdabiya", "AverageTemperature":30.072},
 {"City":"Agadir", "AverageTemperature":26.495},
 {"City":"Adana", "AverageTemperature":30.345},
 {"City":"Akola", "AverageTemperature":35.626},
 {"City":"Ajmer", "AverageTemperature":36.477},
 {"City":"Aizawl", "AverageTemperature":28.332},
 {"City":"Ahmadnagar", "AverageTemperature":31.7},
 {"City":"Ahmadabad", "AverageTemperature":35.419},
 {"City":"Agra", "AverageTemperature":36.726},
 {"City":"Agartala", "AverageTemperature":30.233},
 {"City":"Adoni", "AverageTemperature":33.645},
 {"City":"Adilabad", "AverageTemperature":36.856},
 {"City":"Ahmadpur East", "AverageTemperature":37.372},
 {"City":"Ahvaz", "AverageTemperature":39.156},
 {"City":"Adiwerna", "AverageTemperature":28.449},
 {"City":"Aksu", "AverageTemperature":26.859},
 {"City":"Akita", "AverageTemperature":26.919},
 {"City":"Akashi", "AverageTemperature":29.253},
 {"City":"Aguascalientes", "AverageTemperature":24.656},
 {"City":"Adelaide", "AverageTemperature":25.728},
 {"City":"Akishima", "AverageTemperature":27.295},
 {"City":"Ageo", "AverageTemperature":27.295},
 {"City":"Agboville", "AverageTemperature":29.977},
 {"City":"Addis Abeba", "AverageTemperature":21.223},
 {"City":"Aden", "AverageTemperature":30.991},
 {"City":"Almere", "AverageTemperature":21.941},
 {"City":"Almer\u00eda", "AverageTemperature":27.192},
 {"City":"Allentown", "AverageTemperature":29.141},
 {"City":"Algiers", "AverageTemperature":30.96},
 {"City":"Algeciras", "AverageTemperature":27.852},
 {"City":"Alexandria", "AverageTemperature":30.833},
 {"City":"Alcorc\u00f3n", "AverageTemperature":24.771},
 {"City":"Alcobendas", "AverageTemperature":24.771},
 {"City":"Alcal\u00e1 De Henares", "AverageTemperature":24.771},
 {"City":"Albacete", "AverageTemperature":27.021},
 {"City":"Alanya", "AverageTemperature":29.165},
 {"City":"Aktau", "AverageTemperature":30.347},
 {"City":"Allahabad", "AverageTemperature":36.491},
 {"City":"Aligarh", "AverageTemperature":36.339},
 {"City":"Alappuzha", "AverageTemperature":30.177},
 {"City":"Alandur", "AverageTemperature":34.587},
 {"City":"Akyab", "AverageTemperature":29.338},
 {"City":"Aleppo", "AverageTemperature":32.629},
 {"City":"Albuquerque", "AverageTemperature":25.688},
 {"City":"Almaty", "AverageTemperature":22.166},
 {"City":"Alagoinhas", "AverageTemperature":28.712},
 {"City":"Albury", "AverageTemperature":24.998},
 {"City":"Alberton", "AverageTemperature":21.987},
 {"City":"Akure", "AverageTemperature":29.936},
 {"City":"Amsterdam", "AverageTemperature":21.941},
 {"City":"Amiens", "AverageTemperature":23.264},
 {"City":"Amersfoort", "AverageTemperature":21.941},
 {"City":"Amadora", "AverageTemperature":26.772},
 {"City":"Almetyevsk", "AverageTemperature":24.392},
 {"City":"Anantapur", "AverageTemperature":33.645},
 {"City":"Anand", "AverageTemperature":35.419},
 {"City":"Amroha", "AverageTemperature":35.631},
 {"City":"Amravati", "AverageTemperature":35.697},
 {"City":"Ambur", "AverageTemperature":32.648},
 {"City":"Ambattur", "AverageTemperature":34.587},
 {"City":"Ambarnath", "AverageTemperature":30.682},
 {"City":"Ambala", "AverageTemperature":34.249},
 {"City":"Alwar", "AverageTemperature":36.339},
 {"City":"Amritsar", "AverageTemperature":35.516},
 {"City":"Amol", "AverageTemperature":28.073},
 {"City":"Anaco", "AverageTemperature":29.296},
 {"City":"Amarillo", "AverageTemperature":30.653},
 {"City":"Altay", "AverageTemperature":20.914},
 {"City":"Alor Setar", "AverageTemperature":29.932},
 {"City":"Anchorage", "AverageTemperature":14.501},
 {"City":"An\u00e1polis", "AverageTemperature":26.503},
 {"City":"Americana", "AverageTemperature":25.741},
 {"City":"Anbu", "AverageTemperature":30.104},
 {"City":"Ananindeua", "AverageTemperature":28.927},
 {"City":"Anaheim", "AverageTemperature":23.106},
 {"City":"Amagasaki", "AverageTemperature":28.606},
 {"City":"Ambato", "AverageTemperature":19.114},
 {"City":"Amaigbo", "AverageTemperature":30.036},
 {"City":"Ambon", "AverageTemperature":29.341},
 {"City":"Apeldoorn", "AverageTemperature":21.941},
 {"City":"Antwerp", "AverageTemperature":22.81},
 {"City":"Ann Arbor", "AverageTemperature":28.313},
 {"City":"Angers", "AverageTemperature":23.472},
 {"City":"Ancona", "AverageTemperature":27.265},
 {"City":"Ankara", "AverageTemperature":26.044},
 {"City":"Antalya", "AverageTemperature":26.24},
 {"City":"Antsirabe", "AverageTemperature":24.171},
 {"City":"Antananarivo", "AverageTemperature":23.142},
 {"City":"Antakya", "AverageTemperature":30.345},
 {"City":"Apodaca", "AverageTemperature":31.923},
 {"City":"Angarsk", "AverageTemperature":18.565},
 {"City":"Anda", "AverageTemperature":26.509},
 {"City":"Anshan", "AverageTemperature":26.01},
 {"City":"Angren", "AverageTemperature":26.539},
 {"City":"Angra Dos Reis", "AverageTemperature":26.452},
 {"City":"Andijon", "AverageTemperature":26.641},
 {"City":"Anyang", "AverageTemperature":25.76},
 {"City":"Anshun", "AverageTemperature":23.725},
 {"City":"Anqiu", "AverageTemperature":28.006},
 {"City":"Anqing", "AverageTemperature":30.925},
 {"City":"Ankang", "AverageTemperature":25.837},
 {"City":"Anyama", "AverageTemperature":29.977},
 {"City":"Antipolo", "AverageTemperature":30.201},
 {"City":"Antioch", "AverageTemperature":22.465},
 {"City":"Anjo", "AverageTemperature":28.606},
 {"City":"Angeles", "AverageTemperature":30.201},
 {"City":"Antofagasta", "AverageTemperature":21.881},
 {"City":"Arzamas", "AverageTemperature":25.671},
 {"City":"Aryanah", "AverageTemperature":31.865},
 {"City":"Arnhem", "AverageTemperature":21.941},
 {"City":"Armavir", "AverageTemperature":27.811},
 {"City":"Arlington", "AverageTemperature":33.74},
 {"City":"Arkhangelsk", "AverageTemperature":18.252},
 {"City":"Arad", "AverageTemperature":24.422},
 {"City":"Aqt\u00f6be", "AverageTemperature":25.988},
 {"City":"Ara", "AverageTemperature":34.891},
 {"City":"Ardabil", "AverageTemperature":25.932},
 {"City":"Arak", "AverageTemperature":31.479},
 {"City":"Arvada", "AverageTemperature":16.75},
 {"City":"Armenia", "AverageTemperature":24.475},
 {"City":"Arjawinangun", "AverageTemperature":27.116},
 {"City":"Arauc\u00e1ria", "AverageTemperature":23.393},
 {"City":"Araruama", "AverageTemperature":28.849},
 {"City":"Araras", "AverageTemperature":26.753},
 {"City":"Araraquara", "AverageTemperature":26.753},
 {"City":"Arapiraca", "AverageTemperature":28.863},
 {"City":"Aragua\u00edna", "AverageTemperature":29.909},
 {"City":"Aracaju", "AverageTemperature":28.863},
 {"City":"Ara\u00e7atuba", "AverageTemperature":27.983},
 {"City":"Apucarana", "AverageTemperature":27.102},
 {"City":"Asahikawa", "AverageTemperature":22.696},
 {"City":"Apopa", "AverageTemperature":28.191},
 {"City":"Arusha", "AverageTemperature":24.981},
 {"City":"Arica", "AverageTemperature":24.632},
 {"City":"Arequipa", "AverageTemperature":24.074},
 {"City":"Aurora", "AverageTemperature":29.334},
 {"City":"Augsburg", "AverageTemperature":18.436},
 {"City":"Atlanta", "AverageTemperature":30.239},
 {"City":"Athens", "AverageTemperature":30.117},
 {"City":"Atyrau", "AverageTemperature":30.306},
 {"City":"Astrakhan", "AverageTemperature":29.253},
 {"City":"Asfi", "AverageTemperature":26.098},
 {"City":"Avadi", "AverageTemperature":34.587},
 {"City":"Aurangabad", "AverageTemperature":33.335},
 {"City":"Asansol", "AverageTemperature":33.535},
 {"City":"Ashqelon", "AverageTemperature":28.24},
 {"City":"Ashdod", "AverageTemperature":28.24},
 {"City":"Astana", "AverageTemperature":23.581},
 {"City":"Asyut", "AverageTemperature":32.8},
 {"City":"Aswan", "AverageTemperature":36.224},
 {"City":"Asgabat", "AverageTemperature":31.462},
 {"City":"Austin", "AverageTemperature":32.166},
 {"City":"Astanajapura", "AverageTemperature":27.116},
 {"City":"Atibaia", "AverageTemperature":25.215},
 {"City":"Asunci\u00f3n", "AverageTemperature":29.509},
 {"City":"Atsugi", "AverageTemperature":27.295},
 {"City":"Ashikaga", "AverageTemperature":27.295},
 {"City":"Asaka", "AverageTemperature":27.295},
 {"City":"Awassa", "AverageTemperature":22.07},
 {"City":"Auckland", "AverageTemperature":21.738},
 {"City":"Awka", "AverageTemperature":29.932},
 {"City":"Asmara", "AverageTemperature":28.146},
 {"City":"Ayacucho", "AverageTemperature":13.654},
 {"City":"Baia Mare", "AverageTemperature":24.405},
 {"City":"Badalona", "AverageTemperature":27.645},
 {"City":"Badajoz", "AverageTemperature":30.031},
 {"City":"Bacau", "AverageTemperature":23.049},
 {"City":"Baidyabati", "AverageTemperature":32.815},
 {"City":"Bahraich", "AverageTemperature":33.439},
 {"City":"Baharampur", "AverageTemperature":32.815},
 {"City":"Bahadurgarh", "AverageTemperature":36.339},
 {"City":"Bago", "AverageTemperature":31.145},
 {"City":"Bagaha", "AverageTemperature":33.425},
 {"City":"Badlapur", "AverageTemperature":30.682},
 {"City":"Azamgarh", "AverageTemperature":35.038},
 {"City":"Bahawalpur", "AverageTemperature":37.372},
 {"City":"Bahawalnagar", "AverageTemperature":36.768},
 {"City":"Baghdad", "AverageTemperature":38.283},
 {"City":"Babol", "AverageTemperature":28.073},
 {"City":"Baicheng", "AverageTemperature":26.905},
 {"City":"Bac Lieu", "AverageTemperature":30.295},
 {"City":"Babakan", "AverageTemperature":27.116},
 {"City":"Ayer Itam", "AverageTemperature":29.932},
 {"City":"Badaojiang", "AverageTemperature":24.471},
 {"City":"Baglan", "AverageTemperature":25.857},
 {"City":"Baguio", "AverageTemperature":28.211},
 {"City":"Bacoor", "AverageTemperature":30.201},
 {"City":"Bacolod", "AverageTemperature":29.982},
 {"City":"Bahia Blanca", "AverageTemperature":25.154},
 {"City":"Bafoussam", "AverageTemperature":26.285},
 {"City":"B\u00e9nin", "AverageTemperature":29.936},
 {"City":"Azare", "AverageTemperature":33.817},
 {"City":"Bahir Dar", "AverageTemperature":22.938},
 {"City":"Baltimore", "AverageTemperature":30.833},
 {"City":"Balti", "AverageTemperature":24.749},
 {"City":"Balashikha", "AverageTemperature":24.58},
 {"City":"Balakovo", "AverageTemperature":26.934},
 {"City":"Bangaon", "AverageTemperature":32.815},
 {"City":"Bangalore", "AverageTemperature":29.688},
 {"City":"Banda Aceh", "AverageTemperature":28.981},
 {"City":"Banda", "AverageTemperature":36.417},
 {"City":"Balurghat", "AverageTemperature":31.476},
 {"City":"Bally", "AverageTemperature":32.815},
 {"City":"Ballia", "AverageTemperature":33.425},
 {"City":"Baleshwar", "AverageTemperature":32.098},
 {"City":"Baku", "AverageTemperature":27.0},
 {"City":"Baneh", "AverageTemperature":29.241},
 {"City":"Bandar E Anzali", "AverageTemperature":25.932},
 {"City":"Bangkok", "AverageTemperature":31.115},
 {"City":"Bandung", "AverageTemperature":27.116},
 {"City":"Bandar Penggaram", "AverageTemperature":28.664},
 {"City":"Bandar Maharani", "AverageTemperature":28.971},
 {"City":"Balikpapan", "AverageTemperature":28.56},
 {"City":"Baiyin", "AverageTemperature":21.145},
 {"City":"Bamako", "AverageTemperature":32.979},
 {"City":"Baliuag", "AverageTemperature":30.201},
 {"City":"Bakersfield", "AverageTemperature":28.896},
 {"City":"Bangui", "AverageTemperature":28.554},
 {"City":"Bandundu", "AverageTemperature":27.592},
 {"City":"Bamenda", "AverageTemperature":26.285},
 {"City":"Bama", "AverageTemperature":35.165},
 {"City":"Bari", "AverageTemperature":27.833},
 {"City":"Barcelona", "AverageTemperature":28.555},
 {"City":"Banja Luka", "AverageTemperature":22.804},
 {"City":"Barisal", "AverageTemperature":30.669},
 {"City":"Baripada", "AverageTemperature":32.098},
 {"City":"Bareli", "AverageTemperature":35.631},
 {"City":"Barddhaman", "AverageTemperature":32.815},
 {"City":"Barasat", "AverageTemperature":32.815},
 {"City":"Baranagar", "AverageTemperature":32.815},
 {"City":"Barakpur", "AverageTemperature":32.815},
 {"City":"Bansbaria", "AverageTemperature":32.815},
 {"City":"Bankura", "AverageTemperature":33.535},
 {"City":"Barnala", "AverageTemperature":36.412},
 {"City":"Barranquilla", "AverageTemperature":29.634},
 {"City":"Barrancabermeja", "AverageTemperature":27.803},
 {"City":"Barquisimeto", "AverageTemperature":27.608},
 {"City":"Barnaul", "AverageTemperature":23.002},
 {"City":"Barinas", "AverageTemperature":26.846},
 {"City":"Baoding", "AverageTemperature":24.811},
 {"City":"Banyuwangi", "AverageTemperature":28.36},
 {"City":"Banjarmasin", "AverageTemperature":28.824},
 {"City":"Banjaran", "AverageTemperature":27.116},
 {"City":"Barreiras", "AverageTemperature":29.0},
 {"City":"Barra Mansa", "AverageTemperature":24.589},
 {"City":"Barbacena", "AverageTemperature":24.589},
 {"City":"Baoshan", "AverageTemperature":23.959},
 {"City":"Baoji", "AverageTemperature":25.193},
 {"City":"Bantou", "AverageTemperature":29.049},
 {"City":"Bataysk", "AverageTemperature":27.413},
 {"City":"Basildon", "AverageTemperature":20.743},
 {"City":"Basel", "AverageTemperature":20.953},
 {"City":"Barrie", "AverageTemperature":25.649},
 {"City":"Baton Rouge", "AverageTemperature":30.328},
 {"City":"Beirut", "AverageTemperature":29.028},
 {"City":"Begusarai", "AverageTemperature":33.175},
 {"City":"Beawar", "AverageTemperature":36.76},
 {"City":"Bayrut", "AverageTemperature":29.028},
 {"City":"Basti", "AverageTemperature":35.038},
 {"City":"Basirhat", "AverageTemperature":32.815},
 {"City":"Barsi", "AverageTemperature":34.2},
 {"City":"Batman", "AverageTemperature":32.885},
 {"City":"Bat Yam", "AverageTemperature":28.24},
 {"City":"Batala", "AverageTemperature":35.516},
 {"City":"Beipiao", "AverageTemperature":26.544},
 {"City":"Beian", "AverageTemperature":24.823},
 {"City":"Beaumont", "AverageTemperature":30.533},
 {"City":"Bayamo", "AverageTemperature":29.503},
 {"City":"Baturaja", "AverageTemperature":26.955},
 {"City":"Baruta", "AverageTemperature":27.458},
 {"City":"Bauru", "AverageTemperature":27.321},
 {"City":"Barueri", "AverageTemperature":25.215},
 {"City":"Barretos", "AverageTemperature":26.581},
 {"City":"Beihai", "AverageTemperature":29.941},
 {"City":"Beibei", "AverageTemperature":29.693},
 {"City":"Beira", "AverageTemperature":28.712},
 {"City":"Batangas", "AverageTemperature":29.583},
 {"City":"Bauchi", "AverageTemperature":33.094},
 {"City":"Bata", "AverageTemperature":28.004},
 {"City":"Bergisch Gladbach", "AverageTemperature":22.812},
 {"City":"Bergen", "AverageTemperature":15.148},
 {"City":"Bergamo", "AverageTemperature":24.3},
 {"City":"Berezniki", "AverageTemperature":22.052},
 {"City":"Benghazi", "AverageTemperature":28.74},
 {"City":"Belgrade", "AverageTemperature":24.301},
 {"City":"Belgorod", "AverageTemperature":25.357},
 {"City":"Belfast", "AverageTemperature":16.229},
 {"City":"Bellary", "AverageTemperature":33.645},
 {"City":"Belgaum", "AverageTemperature":30.387},
 {"City":"Beni Suef", "AverageTemperature":30.767},
 {"City":"Benha", "AverageTemperature":30.767},
 {"City":"Bene Beraq", "AverageTemperature":29.615},
 {"City":"Bengkulu", "AverageTemperature":27.974},
 {"City":"Bello", "AverageTemperature":21.492},
 {"City":"Belawan", "AverageTemperature":29.242},
 {"City":"Bekasi", "AverageTemperature":28.756},
 {"City":"Benxi", "AverageTemperature":26.01},
 {"City":"Belo Horizonte", "AverageTemperature":25.226},
 {"City":"Bellevue", "AverageTemperature":18.416},
 {"City":"Belford Roxo", "AverageTemperature":28.849},
 {"City":"Beppu", "AverageTemperature":28.626},
 {"City":"Bengbu", "AverageTemperature":30.581},
 {"City":"Bel\u00e9m", "AverageTemperature":28.927},
 {"City":"Benoni", "AverageTemperature":21.987},
 {"City":"Benguela", "AverageTemperature":28.085},
 {"City":"Berbera", "AverageTemperature":34.137},
 {"City":"Bialystok", "AverageTemperature":21.52},
 {"City":"Besan\u00e7on", "AverageTemperature":23.224},
 {"City":"Bern", "AverageTemperature":20.953},
 {"City":"Berlin", "AverageTemperature":23.795},
 {"City":"Bhusawal", "AverageTemperature":34.827},
 {"City":"Bhuj", "AverageTemperature":33.079},
 {"City":"Bhubaneswar", "AverageTemperature":33.928},
 {"City":"Bhopal", "AverageTemperature":35.677},
 {"City":"Bhiwani", "AverageTemperature":36.534},
 {"City":"Bhiwandi", "AverageTemperature":31.918},
 {"City":"Bhind", "AverageTemperature":36.726},
 {"City":"Bhimavaram", "AverageTemperature":33.817},
 {"City":"Bhilwara", "AverageTemperature":36.016},
 {"City":"Bhilai", "AverageTemperature":36.446},
 {"City":"Bhavnagar", "AverageTemperature":33.783},
 {"City":"Bhatpara", "AverageTemperature":32.815},
 {"City":"Bharuch", "AverageTemperature":34.211},
 {"City":"Bharatpur", "AverageTemperature":36.613},
 {"City":"Bhairab Bazar", "AverageTemperature":29.893},
 {"City":"Bhagalpur", "AverageTemperature":33.175},
 {"City":"Bhadreswar", "AverageTemperature":32.815},
 {"City":"Bhadravati", "AverageTemperature":30.279},
 {"City":"Bettiah", "AverageTemperature":33.425},
 {"City":"Bi\u00ean H\u00f2a", "AverageTemperature":30.702},
 {"City":"Betim", "AverageTemperature":25.226},
 {"City":"Berkeley", "AverageTemperature":22.465},
 {"City":"Bethal", "AverageTemperature":21.987},
 {"City":"Bertoua", "AverageTemperature":26.634},
 {"City":"Blackburn", "AverageTemperature":19.204},
 {"City":"Birmingham", "AverageTemperature":32.534},
 {"City":"Bilbao", "AverageTemperature":24.381},
 {"City":"Bila Tserkva", "AverageTemperature":23.5},
 {"City":"Bielsko Biala", "AverageTemperature":22.871},
 {"City":"Bielefeld", "AverageTemperature":22.621},
 {"City":"Birganj", "AverageTemperature":33.425},
 {"City":"Biratnagar", "AverageTemperature":27.646},
 {"City":"Bilaspur", "AverageTemperature":36.446},
 {"City":"Bikaner", "AverageTemperature":37.522},
 {"City":"Bijapur", "AverageTemperature":31.915},
 {"City":"Bihar", "AverageTemperature":34.891},
 {"City":"Bidar", "AverageTemperature":35.691},
 {"City":"Bid", "AverageTemperature":34.2},
 {"City":"Biysk", "AverageTemperature":22.501},
 {"City":"Bintulu", "AverageTemperature":28.199},
 {"City":"Binjai", "AverageTemperature":29.242},
 {"City":"Birigui", "AverageTemperature":27.983},
 {"City":"Binzhou", "AverageTemperature":29.529},
 {"City":"Bissau", "AverageTemperature":31.544},
 {"City":"Birjand", "AverageTemperature":32.133},
 {"City":"Binangonan", "AverageTemperature":29.583},
 {"City":"Bisho", "AverageTemperature":23.144},
 {"City":"Birnin Kebbi", "AverageTemperature":33.254},
 {"City":"Bida", "AverageTemperature":32.097},
 {"City":"Bitung", "AverageTemperature":27.726},
 {"City":"Blackpool", "AverageTemperature":17.817}]